{"cameraMode":{"drawMode":0,"name":"Shaded","section":"Shading Mode"},"sceneLighting":true,"audioPlay":false,"sceneViewState":{"showFog":true,"showMaterialUpdate":false,"showSkybox":true,"showFlares":true,"showImageEffects":true,"showParticleSystems":true},"in2DMode":false,"pivot":{"x":-4.912919521331787,"y":4.821593761444092,"z":6.372389793395996},"rotation":{"x":-0.022437606006860734,"y":-0.6941401958465576,"z":-0.021657928824424745,"w":0.7191698551177979},"size":11.970756530761719,"orthographic":false}