{"cameraMode":{"drawMode":0,"name":"Shaded","section":"Shading Mode"},"sceneLighting":true,"audioPlay":false,"sceneViewState":{"showFog":true,"showMaterialUpdate":false,"showSkybox":true,"showFlares":true,"showImageEffects":true,"showParticleSystems":true},"in2DMode":false,"pivot":{"x":-11.050127029418946,"y":-3.3004064559936525,"z":12.143153190612793},"rotation":{"x":0.21409866213798524,"y":-0.48167964816093447,"z":0.12264010310173035,"w":0.8409007787704468},"size":25.247486114501954,"orthographic":false}